{
  "num_neurons": 16,
  "mono_neurons": 2,
  "poly_neurons": 14,
  "silent_or_flat": 0,
  "neuron_stats": {
    "0": {
      "class_means": {
        "0": 10.126271544184004,
        "1": 9.629826871308987,
        "2": 22.076001026140627,
        "3": 5.995236902307756,
        "4": 9.145079672700762,
        "5": 4.222503207991476,
        "6": 42.838851323953996,
        "7": 0.48434417361415316,
        "8": 1.3142681440043988,
        "9": 0.5884388551721488
      },
      "class_stds": {
        "0": 14.14443034527182,
        "1": 6.702330089275154,
        "2": 20.67253573969534,
        "3": 10.327691341899236,
        "4": 10.715282843642752,
        "5": 8.449504040705323,
        "6": 16.956438676626963,
        "7": 2.6853096623316235,
        "8": 4.138588514011034,
        "9": 2.3631633709403626
      },
      "selectivity": 152.49658468300646,
      "preferred_class": 6,
      "max_activation": 42.838851323953996
    },
    "1": {
      "class_means": {
        "0": 6.141000534198722,
        "1": 0.18067081510232935,
        "2": 1.2914556222137554,
        "3": 2.3202935029964635,
        "4": 20.826246334190525,
        "5": 19.20360088214746,
        "6": 7.748984324285034,
        "7": 2.2928906457665366,
        "8": 20.916649027281963,
        "9": 7.650321557571441
      },
      "class_stds": {
        "0": 9.716374157183179,
        "1": 1.0958984533035714,
        "2": 3.7164842068575052,
        "3": 5.091462231968972,
        "4": 14.852910448080241,
        "5": 15.59226582432112,
        "6": 11.294802947884179,
        "7": 5.369755530887323,
        "8": 16.584457814089195,
        "9": 7.677487250013536
      },
      "selectivity": 62.41427798361783,
      "preferred_class": 8,
      "max_activation": 20.916649027281963
    },
    "2": {
      "class_means": {
        "0": 0.022323223644373367,
        "1": 2.855169114037232,
        "2": 0.5305587679378746,
        "3": 0.8677186639002054,
        "4": 0.22795052975112698,
        "5": 20.63288481419931,
        "6": 12.936508987791106,
        "7": 0.07003173452407006,
        "8": 1.2217839386551288,
        "9": 1.5351493147130764
      },
      "class_stds": {
        "0": 0.38825321157562126,
        "1": 4.776563812870236,
        "2": 1.9298049446419645,
        "3": 2.684082876879029,
        "4": 1.2433953011445187,
        "5": 16.479733352210584,
        "6": 10.245254371559813,
        "7": 0.5154471433468568,
        "8": 3.9554720609524296,
        "9": 4.513081834276026
      },
      "selectivity": 43.88807761783719,
      "preferred_class": 5,
      "max_activation": 20.63288481419931
    },
    "3": {
      "class_means": {
        "0": 40.663862021358646,
        "1": 19.43353218150034,
        "2": 38.06288867042393,
        "3": 34.076548644103624,
        "4": 0.5329997920698644,
        "5": 34.955505014802306,
        "6": 6.62807789681351,
        "7": 1.7484746847867039,
        "8": 31.764060227288358,
        "9": 1.7711139227401158
      },
      "class_stds": {
        "0": 20.925391577957985,
        "1": 6.200051263932478,
        "2": 24.190206694823257,
        "3": 15.927049286152023,
        "4": 1.6295111092930508,
        "5": 19.186501075121154,
        "6": 10.510468012778277,
        "7": 3.9203344606009813,
        "8": 13.091927926721494,
        "9": 5.4447443783092275
      },
      "selectivity": 252.7689054900649,
      "preferred_class": 0,
      "max_activation": 40.663862021358646
    },
    "4": {
      "class_means": {
        "0": 26.795023364923438,
        "1": 6.650893181431136,
        "2": 34.66592957044757,
        "3": 31.73775864214,
        "4": 2.1344607896086156,
        "5": 22.079509248514345,
        "6": 3.158151124862639,
        "7": 28.526007907051984,
        "8": 33.77149078598747,
        "9": 25.3334052793689
      },
      "class_stds": {
        "0": 17.51795199611335,
        "1": 5.442249001839997,
        "2": 18.72181545081271,
        "3": 16.361977843352538,
        "4": 4.146476074576186,
        "5": 18.3758891788713,
        "6": 5.748998829736836,
        "7": 17.008319739365422,
        "8": 16.794938937285323,
        "9": 11.430646117944208
      },
      "selectivity": 145.31171067113704,
      "preferred_class": 2,
      "max_activation": 34.66592957044757
    },
    "5": {
      "class_means": {
        "0": 3.6692588644368307,
        "1": 1.4780370250147346,
        "2": 10.122495978377586,
        "3": 4.617122256401742,
        "4": 39.29027504105189,
        "5": 13.909760319197659,
        "6": 16.27793839965832,
        "7": 4.994648106599132,
        "8": 14.085883995835541,
        "9": 29.55577194111789
      },
      "class_stds": {
        "0": 6.32897486371032,
        "1": 3.2506784100278434,
        "2": 11.273692885356082,
        "3": 7.446125584587003,
        "4": 10.863883809241692,
        "5": 13.034178611951248,
        "6": 10.598227105680108,
        "7": 6.957876724283256,
        "8": 11.575719765549541,
        "9": 10.94847987923225
      },
      "selectivity": 133.40786156484072,
      "preferred_class": 4,
      "max_activation": 39.29027504105189
    },
    "6": {
      "class_means": {
        "0": 0.04690565028969122,
        "1": 12.152730242770149,
        "2": 18.498991021121196,
        "3": 3.0754089405631073,
        "4": 0.11556302936645244,
        "5": 0.26493816632326406,
        "6": 0.14735034400585548,
        "7": 12.00773223880896,
        "8": 0.6611096712720468,
        "9": 0.05000722892693178
      },
      "class_stds": {
        "0": 0.5943367078036887,
        "1": 7.172575574644147,
        "2": 11.784165865249303,
        "3": 6.115658446950873,
        "4": 0.902584722772508,
        "5": 1.4781453113485667,
        "6": 1.1524099509346122,
        "7": 11.342404643637995,
        "8": 2.2095292614472894,
        "9": 0.5561367146377529
      },
      "selectivity": 42.29973544389337,
      "preferred_class": 2,
      "max_activation": 18.498991021121196
    },
    "7": {
      "class_means": {
        "0": 0.2903324351018789,
        "1": 0.008014215141666094,
        "2": 0.2864399577758109,
        "3": 0.1766091235793463,
        "4": 0.300539038331834,
        "5": 1.481544108468321,
        "6": 0.024174305989498386,
        "7": 22.63882375227338,
        "8": 0.06165714846499402,
        "9": 0.1832685031078025
      },
      "class_stds": {
        "0": 1.7934996283571418,
        "1": 0.2698780255560946,
        "2": 2.1147123285633618,
        "3": 1.6789302765228535,
        "4": 1.239561959433884,
        "5": 4.790951571873406,
        "6": 0.3828474281355692,
        "7": 15.944763362511988,
        "8": 0.9336498971934419,
        "9": 1.2807213716378005
      },
      "selectivity": 45.025981730227386,
      "preferred_class": 7,
      "max_activation": 22.63882375227338
    },
    "8": {
      "class_means": {
        "0": 0.07167891750530321,
        "1": 6.648602798016586,
        "2": 1.0578554375458133,
        "3": 20.43317457614559,
        "4": 0.49710637925841417,
        "5": 13.440999031401,
        "6": 0.48537344847939956,
        "7": 0.7703337968555406,
        "8": 1.1254876325752212,
        "9": 2.571932458074171
      },
      "class_stds": {
        "0": 0.9573210952771095,
        "1": 4.607328392935176,
        "2": 3.2059185453159307,
        "3": 16.240692548922862,
        "4": 2.531244432141641,
        "5": 14.250893197116946,
        "6": 2.3156015668400602,
        "7": 2.886392109455227,
        "8": 3.178238395779529,
        "9": 6.021240907972427
      },
      "selectivity": 43.05958990464513,
      "preferred_class": 3,
      "max_activation": 20.43317457614559
    },
    "9": {
      "class_means": {
        "0": 50.48883213753603,
        "1": 0.0,
        "2": 1.5134743081275808,
        "3": 0.9304636308462313,
        "4": 7.180766611380879,
        "5": 6.712190686720904,
        "6": 12.645847439268188,
        "7": 4.863634404157386,